{"timeSteps":[-30,-30,-37,40,-40,-30,-30,-30,-30,-30,-30,40,-32,-30,-32,-30],"velSteps":[0,10.00000000000001,0,17.999999999999996,0,16,0,28.000000000000007,0,16,0,10.00000000000001,0,17.999999999999996,0,26.00000000000001],"timeCfg":{"timeGridSpeed":3,"timePpqQuant":5,"timeRndAmt":1.574803149606299,"timeRndSeed":-1,"timeOffset":0,"timeQuantOn1":1},"velCfg":{"velOffset":0,"velCurve":85.99999999999999,"velQuantize":3,"velRndAmt":15,"velRndSeed":-1,"velGridSpeed":3}}