{"timeSteps":[-17,-13,-46,-13,-25,-13,-9,45,-25,-13,0,-13,-30,-13,12,45.000000000000064],"velSteps":[4,0,-71,0,5,0,31,-24,31,0,30,0,3,0,31,0],"timeCfg":{"timeGridSpeed":3,"timePpqQuant":5,"timeRndAmt":2.3622047244094486,"timeRndSeed":-1,"timeOffset":0,"timeQuantOn1":1},"velCfg":{"velOffset":-46.00000000000003,"velCurve":100,"velQuantize":3,"velRndAmt":11,"velRndSeed":-1,"velGridSpeed":3}}