{"timeSteps":[-35,42,-14,28,-12,-33,-2,28,-42,3,-36,-5,-1,-33,-25,-33],"velSteps":[0,-11.999999999999993,0,-17.999999999999996,0,-11.999999999999993,0,-14.000000000000004,0,-14.000000000000046,0,-18.00000000000001,0,-9.999999999999996,0,-19.999999999999993],"timeCfg":{"timeGridSpeed":3,"timePpqQuant":0,"timeRndAmt":6.299212598425196,"timeRndSeed":-1,"timeOffset":0,"timeQuantOn1":1},"velCfg":{"velOffset":-13.999999999999932,"velCurve":69.00000000000006,"velQuantize":0,"velRndAmt":9.000000000000021,"velRndSeed":-1,"velGridSpeed":3}}