{"timeSteps":[2,15,12,-4,6,-4,10,2,3,18,12,-4,2,-4,3,-19],"velSteps":[20,-55,9,0,21,0,3,-56,13,-55,18,0,24,0,-1,-54],"timeCfg":{"timeGridSpeed":3,"timePpqQuant":0,"timeRndAmt":1.574803149606299,"timeRndSeed":-1,"timeOffset":0,"timeQuantOn1":1},"velCfg":{"velOffset":7.999999999999957,"velCurve":-38.99999999999999,"velQuantize":0,"velRndAmt":5,"velRndSeed":-1,"velGridSpeed":3}}